{
      "default_products": [
            {
                  "Year_Birth": {
                        "< 1960": 0.3032045569720938,
                        "1960_1975": 0.5446670986177398,
                        "> 1975": 0.15212834441016637
                  },
                  "Education": {
                        "Graduation": 0.7322482371127637,
                        "PhD": 0.19159026140865348,
                        "Master": 0.06639572426552666,
                        "Basic": 0.009765777213056243
                  },
                  "Marital_Status": {
                        "Married": 0.5554948312859216,
                        "Together": 0.22649778512337565,
                        "Single": 0.12917847183494974,
                        "Divorced": 0.08882891175575308
                  },
                  "Income": {
                        "< 30k": 0.0065464957736526665,
                        "30k_50k": 0.03734831824154561,
                        "50k_75k": 0.8019722408367356,
                        "> 75k": 0.15413294514806625
                  },
                  "Kids": {
                        "kids": 0.2914983823419343,
                        "No Kids": 0.7085016176580656
                  },
                  "purchase_method": {
                        "Store": 0.8326897806716984,
                        "Online": 0.16731021932830156
                  },
                  "name": "MntWines"
            },
            {
                  "Year_Birth": {
                        "< 1960": 0.25476595729804474,
                        "1960_1975": 0.48600904131235567,
                        "> 1975": 0.2592250013895996
                  },
                  "Education": {
                        "Graduation": 0.9208088068138717,
                        "PhD": 0.05170398721026331,
                        "Master": 0.020470986534703337,
                        "Basic": 0.007016219441161697
                  },
                  "Marital_Status": {
                        "Married": 0.5429578811338499,
                        "Together": 0.2120634273695578,
                        "Single": 0.1600756372190836,
                        "Divorced": 0.08490305427750867
                  },
                  "Income": {
                        "< 30k": 0.027126825477764124,
                        "30k_50k": 0.07084694784452106,
                        "50k_75k": 0.6480553618342025,
                        "> 75k": 0.2539708648435121
                  },
                  "Kids": {
                        "kids": 0.22902531268976678,
                        "No Kids": 0.7709746873102332
                  },
                  "purchase_method": {
                        "Store": 0.8435525813713138,
                        "Online": 0.15644741862868614
                  },
                  "name": "MntFruits"
            },
            {
                  "Year_Birth": {
                        "< 1960": 0.28688746777943347,
                        "1960_1975": 0.44488563231033196,
                        "> 1975": 0.2682268999102345
                  },
                  "Education": {
                        "Graduation": 0.8578986334079546,
                        "PhD": 0.09786114324374826,
                        "Master": 0.03703480400316968,
                        "Basic": 0.007205419345127615
                  },
                  "Marital_Status": {
                        "Married": 0.5228240138550968,
                        "Together": 0.2256372270969007,
                        "Single": 0.17679874061179196,
                        "Divorced": 0.07474001843621042
                  },
                  "Income": {
                        "< 30k": 0.012928836464385224,
                        "30k_50k": 0.03807349035210151,
                        "50k_75k": 0.5788492696113028,
                        "> 75k": 0.37014840357221046
                  },
                  "Kids": {
                        "kids": 0.18007270659170507,
                        "No Kids": 0.819927293408295
                  },
                  "purchase_method": {
                        "Store": 0.8480256237661322,
                        "Online": 0.15197437623386778
                  },
                  "name": "MntMeatProducts"
            },
            {
                  "Year_Birth": {
                        "< 1960": 0.28056167421596145,
                        "1960_1975": 0.4658371522771283,
                        "> 1975": 0.25360117350691025
                  },
                  "Education": {
                        "Graduation": 0.9421597752599814,
                        "PhD": 0.03518330644807354,
                        "Master": 0.016424159638906397,
                        "Basic": 0.006232758653038646
                  },
                  "Marital_Status": {
                        "Married": 0.5216400384908269,
                        "Together": 0.23115588293716677,
                        "Single": 0.16333338597730845,
                        "Divorced": 0.08387069259469804
                  },
                  "Income": {
                        "< 30k": 0.019052050988370168,
                        "30k_50k": 0.06714516258589523,
                        "50k_75k": 0.6375389790548914,
                        "> 75k": 0.2762638073708432
                  },
                  "Kids": {
                        "kids": 0.21448406330650976,
                        "No Kids": 0.7855159366934903
                  },
                  "purchase_method": {
                        "Store": 0.8467645521041274,
                        "Online": 0.15323544789587257
                  },
                  "name": "MntFishProducts"
            },
            {
                  "Year_Birth": {
                        "< 1960": 0.26118262585844976,
                        "1960_1975": 0.4850002953181855,
                        "> 1975": 0.25381707882336474
                  },
                  "Education": {
                        "Graduation": 0.9201268686207678,
                        "PhD": 0.05101087399946769,
                        "Master": 0.019716079189379128,
                        "Basic": 0.009146178190385478
                  },
                  "Marital_Status": {
                        "Married": 0.5490062102327564,
                        "Together": 0.21074430987608533,
                        "Single": 0.15592232316394333,
                        "Divorced": 0.0843271567272149
                  },
                  "Income": {
                        "< 30k": 0.02861661907194392,
                        "30k_50k": 0.07211890015561387,
                        "50k_75k": 0.6283497256742272,
                        "> 75k": 0.27091475509821494
                  },
                  "Kids": {
                        "kids": 0.234866759318669,
                        "No Kids": 0.765133240681331
                  },
                  "purchase_method": {
                        "Store": 0.8392306462845811,
                        "Online": 0.16076935371541892
                  },
                  "name": "MntSweetProducts"
            },
            {
                  "Year_Birth": {
                        "< 1960": 0.24605891196565463,
                        "1960_1975": 0.530554449024017,
                        "> 1975": 0.22338663901032832
                  },
                  "Education": {
                        "Graduation": 0.9275974837964807,
                        "PhD": 0.04279450184872879,
                        "Master": 0.0235739862709563,
                        "Basic": 0.006034028083834211
                  },
                  "Marital_Status": {
                        "Married": 0.5642756831492897,
                        "Together": 0.2129595908342328,
                        "Single": 0.14227438079996746,